ticker,name,market,locale,primary_exchange,type,active,currency_name,cik,composite_figi,share_class_figi,last_updated_utc
ACI,"Albertsons Companies, Inc.",stocks,us,XNYS,CS,True,usd,0001646972,BBG009KG1750,BBG009KG1741,2025-09-24T06:06:16.196092144Z
ACIC,American Coastal Insurance Corporation Common Stock,stocks,us,XNAS,CS,True,usd,0001401521,BBG000TKFJQ7,BBG001T09W05,2025-09-24T06:06:16.196092224Z
ACIO,Aptus Collared Investment Opportunity ETF,stocks,us,BATS,ETF,True,usd,0001539639,BBG00PNSDFF3,BBG00PNSDG52,2025-09-24T06:06:16.196092304Z
ACIU,AC Immune SA,stocks,us,XNAS,CS,True,usd,0001651625,,,2025-09-24T06:06:16.196092384Z
ACIW,"ACI Worldwide, Inc.",stocks,us,XNAS,CS,True,usd,0000935036,BBG000PMBV39,BBG001S9KLL5,2025-09-24T06:06:16.196092464Z
ACKY,VistaShares Target 15 ACKtivist Distribution ETF,stocks,us,ARCX,ETF,True,usd,0001722388,BBG01WHYZLL7,BBG01WHYZMG1,2025-09-24T06:06:16.196092554Z
ACLC,American Century Large Cap Equity ETF,stocks,us,ARCX,ETF,True,usd,0001481714,BBG00W0JV9Q5,BBG00W0JVBH0,2025-09-24T06:06:16.196092635Z
ACLO,TCW AAA CLO ETF,stocks,us,XNYS,ETF,True,usd,0001831313,BBG01QPVFLN7,BBG01QPVFMJ0,2025-09-24T06:06:16.196092975Z
ACLS,Axcelis Technologies Inc,stocks,us,XNAS,CS,True,usd,0001113232,BBG000DW34S2,BBG001SF8W86,2025-09-24T06:06:16.196093055Z
ACLX,"Arcellx, Inc. Common Stock",stocks,us,XNAS,CS,True,usd,0001786205,BBG00QHJM4S9,BBG00QHJM4W4,2025-09-24T06:06:16.196093186Z
ACM,Aecom,stocks,us,XNYS,CS,True,usd,0000868857,BBG000F61RJ8,BBG001SKTTF1,2025-09-24T06:06:16.196093276Z
ACMR,"ACM Research, Inc. Class A Common Stock",stocks,us,XNAS,CS,True,usd,0001680062,BBG00HPSG933,BBG00HPSG942,2025-09-24T06:06:16.196093356Z
ACN,Accenture PLC,stocks,us,XNYS,CS,True,usd,0001467373,,,2025-09-24T06:06:16.196093436Z
ACNB,ACNB Corp,stocks,us,XNAS,CS,True,usd,0000715579,BBG000BJ2LY9,BBG001S6CVZ3,2025-09-24T06:06:16.196093516Z
ACNT,Ascent Industries Co. Common Stock,stocks,us,XNAS,CS,True,usd,0000095953,BBG000CLRHW7,BBG001S6Z1R3,2025-09-24T06:06:16.196093596Z
ACOG,Alpha Cognition Inc. Common Stock,stocks,us,XNAS,CS,True,usd,0001655923,BBG011CJPRD0,BBG00L7TXNM1,2025-09-24T06:06:16.196093967Z
ACON,"Aclarion, Inc. Common Stock",stocks,us,XNAS,CS,True,usd,0001635077,BBG014FBN4K3,BBG014FBN5N7,2025-09-24T06:06:16.196094057Z
ACONW,"Aclarion, Inc. Warrant",stocks,us,XNAS,WARRANT,True,usd,0001635077,BBG016Z2HS66,,2025-09-24T06:06:16.196094137Z
ACP,abrdn Income Credit Strategies Fund,stocks,us,XNYS,FUND,True,usd,0001503290,BBG0017VSC04,BBG001TCSLH4,2025-09-24T06:06:16.196094228Z
ACPpA,abrdn Income Credit Strategies Fund  5.250% Series A Perpetual Preferred Stock,stocks,us,XNYS,PFD,True,usd,0001503290,,,2025-09-24T06:06:16.196094308Z
ACR,ACRES Commercial Realty Corp.,stocks,us,XNYS,CS,True,usd,0001332551,BBG000HK4RX6,BBG001SP6Y91,2025-09-24T06:06:16.196094388Z
ACRE,Ares Commercial Real Estate Corporation,stocks,us,XNYS,CS,True,usd,0001529377,BBG0022MMQB0,BBG0022MMR46,2025-09-24T06:06:16.196094468Z
ACRS,"Aclaris Therapeutics, Inc.",stocks,us,XNAS,CS,True,usd,0001557746,BBG003LF0QR9,BBG003LF0QS8,2025-09-24T06:06:16.196094668Z
ACRV,"Acrivon Therapeutics, Inc. Common Stock",stocks,us,XNAS,CS,True,usd,0001781174,BBG011RWR2Q4,BBG011RWR2R3,2025-09-24T06:06:16.196094749Z
ACRpC,"ACRES Commercial Realty Corp. 8.625% Fixed-to-Floating Series C Cumulative Redeemable Preferred Stock, par value $0.001 per share",stocks,us,XNYS,PFD,True,usd,0001332551,,,2025-09-24T06:06:16.196094859Z
ACRpD,ACRES Commercial Realty Corp. 7.875% Series D Cumulative Redeemable Preferred Stock,stocks,us,XNYS,PFD,True,usd,0001332551,,,2025-09-24T06:06:16.196094939Z
ACSI,American Customer Satisfaction ETF,stocks,us,BATS,ETF,True,usd,0001387131,BBG00F40VFY6,BBG00F40VGP4,2025-09-24T06:06:16.196095129Z
ACT,"Enact Holdings, Inc. Common Stock",stocks,us,XNAS,CS,True,usd,0001823529,BBG00WSNP4R3,BBG00WSNP4S2,2025-09-24T06:06:16.196095209Z
ACTG,Acacia Research Corporation,stocks,us,XNAS,CS,True,usd,0000934549,BBG000KF9J02,BBG001SJLJT9,2025-09-24T06:06:16.19609529Z
ACTU,"Actuate Therapeutics, Inc. Common stock",stocks,us,XNAS,CS,True,usd,0001652935,BBG00NK7LK03,BBG00NK7LK12,2025-09-24T06:06:16.19609538Z
ACTV,LeaderShares Activist Leaders ETF,stocks,us,ARCX,ETF,True,usd,0001552947,BBG00Y002P42,BBG00Y002QG7,2025-09-24T06:06:16.19609546Z
ACU,Acme United Corporation,stocks,us,XASE,CS,True,usd,0000002098,BBG000BB3LM8,BBG001S5NCC0,2025-09-24T06:06:16.196095951Z
ACV,Virtus Diversified Income & Convertible Fund,stocks,us,XNYS,FUND,True,usd,0001636289,BBG008HMBD22,BBG008HMBD31,2025-09-24T06:06:16.196096031Z
ACVA,ACV Auctions Inc.,stocks,us,XNYS,CS,True,usd,0001637873,BBG00G5JGQ66,BBG00G5JGQ75,2025-09-24T06:06:16.196096201Z
ACVF,American Conservative Values ETF,stocks,us,ARCX,ETF,True,usd,,BBG00Y04Q9T7,BBG00Y04QBN8,2025-09-24T06:06:16.196096282Z
ACVT,Advent Convertible Bond ETF,stocks,us,ARCX,ETF,True,usd,,BBG01TQ0YGP6,BBG01TQ0YHK9,2025-09-24T06:06:16.196096372Z
ACWI,iShares MSCI ACWI ETF,stocks,us,XNAS,ETF,True,usd,0001100663,BBG000TH6VB3,BBG001S56QV7,2025-09-24T06:06:16.196096452Z
ACWV,iShares MSCI Global Min Vol Factor ETF,stocks,us,BATS,ETF,True,usd,0001100663,BBG0025X38X0,BBG0025X39Q6,2025-09-24T06:06:16.196096532Z
ACWX,iShares MSCI ACWI ex US ETF,stocks,us,XNAS,ETF,True,usd,0001100663,BBG000TH7DF8,BBG001S56R18,2025-09-24T06:06:16.196096612Z
ACXP,"Acurx Pharmaceuticals, Inc. Common Stock",stocks,us,XNAS,CS,True,usd,0001736243,BBG01184DNJ4,BBG01184DNK2,2025-09-24T06:06:16.196096943Z
AD,"Array Digital Infrastructure, Inc.",stocks,us,XNYS,CS,True,usd,0000821130,BBG000BW6P59,BBG001S5X446,2025-09-24T06:06:16.196097023Z
ADAG,Adagene Inc. American Depositary Shares,stocks,us,XNAS,ADRC,True,usd,0001818838,BBG00YZ6BYJ6,BBG00YZ6BZC0,2025-09-24T06:06:16.196097143Z
ADAM,"Adamas Trust, Inc. Common Stock",stocks,us,XNAS,CS,True,usd,0001273685,BBG000GZ8014,BBG001SHHBR7,2025-09-24T06:06:16.196097223Z
ADAMG,"Adamas Trust, Inc. 9.125% Senior Notes Due 2030",stocks,us,XNAS,CS,True,usd,0001273685,,,2025-09-24T06:06:16.196097303Z
ADAMH,"Adamas Trust, Inc. 9.875% Senior Notes Due 2030",stocks,us,XNAS,CS,True,usd,0001273685,,,2025-09-24T06:06:16.196097394Z
ADAMI,"Adamas Trust, Inc. 9.125% Senior Notes Due 2029",stocks,us,XNAS,CS,True,usd,0001273685,,,2025-09-24T06:06:16.196097474Z
ADAML,"Adamas Trust, Inc. 6.875% Series F Fixed-to-Floating Rate Cumulative Redeemable Preferred Stock, $0.01 par value per share",stocks,us,XNAS,CS,True,usd,0001273685,,,2025-09-24T06:06:16.196097554Z
ADAMM,"Adamas Trust, Inc. 7.875% Series E Fixed-to-Floating Rate Cumulative Redeemable Preferred Stock",stocks,us,XNAS,PFD,True,usd,0001273685,,,2025-09-24T06:06:16.196097634Z
ADAMN,"Adamas Trust, Inc. 8.00% Series D Fixed-to-Floating Rate Cumulative Redeemable Preferred Stock",stocks,us,XNAS,PFD,True,usd,0001273685,,,2025-09-24T06:06:16.196097714Z
ADAMZ,"Adamas Trust, Inc. 7.000% Series G Cumulative Redeemable Preferred Stock, $0.01 par value per share",stocks,us,XNAS,CS,True,usd,0001273685,,,2025-09-24T06:06:16.196097794Z
ADAP,Adaptimmune Therapeutics plc American Depositary Shares,stocks,us,XNAS,ADRC,True,usd,0001621227,BBG008G65WC2,BBG008G65WD1,2025-09-24T06:06:16.196097905Z
ADBE,Adobe Inc.,stocks,us,XNAS,CS,True,usd,0000796343,BBG000BB5006,BBG001S5NCQ5,2025-09-24T06:06:16.196097985Z
ADBG,Leverage Shares 2X Long ADBE Daily ETF,stocks,us,XNAS,ETF,True,usd,0001976322,BBG01SWP6HM8,BBG01SWP6JH0,2025-09-24T06:06:16.196098065Z
ADC,Agree Realty Corporation,stocks,us,XNYS,CS,True,usd,0000917251,BBG000BC9DK0,BBG001S6RY81,2025-09-24T06:06:16.196098155Z
ADCT,ADC Therapeutics SA,stocks,us,XNYS,CS,True,usd,0001771910,,,2025-09-24T06:06:16.196098235Z
ADCpA,"Agree Realty Corporation Depositary Shares, each representing 1/1,000th of a 4.250% Series A Cumulative Redeemable Preferred Stock",stocks,us,XNYS,PFD,True,usd,0000917251,,,2025-09-24T06:06:16.196098436Z
ADEA,Adeia Inc. Common Stock,stocks,us,XNAS,CS,True,usd,0001803696,BBG00RBFBL50,BBG00RBFBL78,2025-09-24T06:06:16.196098656Z
ADFI,Anfield Dynamic Fixed Income ETF,stocks,us,BATS,ETF,True,usd,0001552947,BBG00WRFGTJ5,BBG00WRFGV91,2025-09-24T06:06:16.196098736Z
ADGM,"Adagio Medical Holdings, Inc Common Stock",stocks,us,XNAS,CS,True,usd,0002006986,BBG01P202S42,BBG01P202S60,2025-09-24T06:06:16.196098856Z
ADI,"Analog Devices, Inc.",stocks,us,XNAS,CS,True,usd,0000006281,BBG000BB6G37,BBG001S5ND38,2025-09-24T06:06:16.196098937Z
ADIL,"Adial Pharmaceuticals, Inc",stocks,us,XNAS,CS,True,usd,0001513525,BBG00HNGDTR4,BBG00HNGDTS3,2025-09-24T06:06:16.196099017Z
ADIV,SmartETFs Asia Pacific Dividend Builder ETF,stocks,us,ARCX,ETF,True,usd,,BBG00ZV17TH6,BBG00ZV17VD5,2025-09-24T06:06:16.196099107Z
ADM,Archer Daniels Midland Company,stocks,us,XNYS,CS,True,usd,0000007084,BBG000BB6WG8,BBG001S5ND74,2025-09-24T06:06:16.196099197Z
ADMA,"ADMA Biologics, Inc.",stocks,us,XNAS,CS,True,usd,0001368514,BBG002NCK5M5,BBG002NCK5N4,2025-09-24T06:06:16.196099307Z
ADME,Aptus Behavioral Momentum ETF,stocks,us,BATS,ETF,True,usd,0001539639,BBG00D20HG22,BBG00D20HG31,2025-09-24T06:06:16.196099387Z
ADN,"Advent Technologies Holdings, Inc. Class A Common Stock",stocks,us,XNAS,CS,True,usd,0001744494,BBG00MDV8X34,BBG00MDV8XV3,2025-09-24T06:06:16.196099468Z
ADNT,Adient plc Ordinary Shares,stocks,us,XNYS,CS,True,usd,0001670541,,,2025-09-24T06:06:16.196099548Z
ADNWW,"Advent Technologies Holdings, Inc. Warrant",stocks,us,XNAS,WARRANT,True,usd,0001744494,BBG00MVVPD93,,2025-09-24T06:06:16.196099628Z
ADP,Automatic Data Processing,stocks,us,XNAS,CS,True,usd,0000008670,BBG000JG0547,BBG001S82KF6,2025-09-24T06:06:16.196099708Z
ADPT,Adaptive Biotechnologies Corporation Common Stock,stocks,us,XNAS,CS,True,usd,0001478320,BBG001J2PFF5,BBG001V0GG18,2025-09-24T06:06:16.196099798Z
ADPV,Adaptiv Select ETF,stocks,us,ARCX,ETF,True,usd,,BBG01BBJQ2C4,BBG01BBJQ3B3,2025-09-24T06:06:16.196099878Z
ADSE,ADS-TEC ENERGY PLC Ordinary Shares,stocks,us,XNAS,CS,True,usd,0001879248,,,2025-09-24T06:06:16.196100119Z
ADSEW,ADS-TEC ENERGY PLC Warrant,stocks,us,XNAS,WARRANT,True,usd,0001879248,,,2025-09-24T06:06:16.196100199Z
ADSK,Autodesk Inc,stocks,us,XNAS,CS,True,usd,0000769397,BBG000BM7HL0,BBG001S5SCD4,2025-09-24T06:06:16.196100319Z
ADT,ADT Inc.,stocks,us,XNYS,CS,True,usd,0001703056,BBG000BP9WJ1,BBG001S6VGG6,2025-09-24T06:06:16.196100409Z
ADTN,"ADTRAN Holdings, Inc. Common Stock",stocks,us,XNAS,CS,True,usd,0000926282,BBG0169CH7X9,BBG0169CH7Y8,2025-09-24T06:06:16.1961005Z
ADTX,"Aditxt, Inc. Common Stock",stocks,us,XNAS,CS,True,usd,0001726711,BBG00RDV1WS5,BBG00RDV1WT4,2025-09-24T06:06:16.19610058Z
ADUR,Aduro Clean Technologies Inc. Common Stock,stocks,us,XNAS,CS,True,usd,0001863934,BBG011F62496,BBG00N9ZZX01,2025-09-24T06:06:16.19610067Z
ADUS,Addus HomeCare Corp.,stocks,us,XNAS,CS,True,usd,0001468328,BBG000NJGX84,BBG001T56D18,2025-09-24T06:06:16.19610075Z
ADV,Advantage Solutions Inc. Class A Common Stock,stocks,us,XNAS,CS,True,usd,0001776661,BBG00PPWZ8C7,BBG00PPWZ8G3,2025-09-24T06:06:16.19610083Z
ADVB,Advanced Biomed Inc. Common Stock,stocks,us,XNAS,CS,True,usd,0001941029,BBG01HW4B3M4,BBG01HW4B3N3,2025-09-24T06:06:16.19610091Z
ADVE,Matthews Asia Dividend Active ETF,stocks,us,ARCX,ETF,True,usd,,BBG01JFHH825,BBG01JFHH923,2025-09-24T06:06:16.196100991Z
ADVM,"Adverum Biotechnologies, Inc. Common Stock",stocks,us,XNAS,CS,True,usd,0001501756,BBG006D9MR17,BBG006D9MR26,2025-09-24T06:06:16.196101071Z
ADVWW,Advantage Solutions Inc. Warrant,stocks,us,XNAS,WARRANT,True,usd,0001776661,BBG00Q6CTMG2,,2025-09-24T06:06:16.196101161Z
ADX,"Adams Diversified Equity Fund, Inc",stocks,us,XNYS,FUND,True,usd,0000002230,BBG000BB8MR6,BBG001S5NDV7,2025-09-24T06:06:16.196101241Z
ADXN,Addex Therapeutics Ltd American Depositary Shares,stocks,us,XNAS,ADRC,True,usd,0001574232,BBG00R48ST95,BBG00R48SV18,2025-09-24T06:06:16.196101321Z
AEBI,Aebi Schmidt Holding AG Common Stock,stocks,us,XNAS,CS,True,usd,0002048519,,,2025-09-24T06:06:16.196101401Z
AEC,Anfield Energy Inc. Common Shares,stocks,us,XNAS,CS,True,usd,0001519469,BBG002PL1DW6,BBG001V114Z2,2025-09-24T06:06:16.196101762Z
AEE,Ameren Corporation,stocks,us,XNYS,CS,True,usd,0001002910,BBG000B9X8C0,BBG001S5NF24,2025-09-24T06:06:16.196101842Z
AEF,"abrdn Emerging Markets ex-China Fund, Inc.",stocks,us,XASE,FUND,True,usd,0000846676,BBG000BGWCV5,BBG001S5QCR1,2025-09-24T06:06:16.196101962Z
AEFC,Aegon Funding Company LLC 5.10% Subordinated Notes due 2049,stocks,us,XNYS,SP,True,usd,0000769218,,,2025-09-24T06:06:16.196102043Z
AEG,Aegon Ltd.,stocks,us,XNYS,CS,True,usd,0000769218,BBG000CKQSN6,BBG001S6Y6M8,2025-09-24T06:06:16.196102123Z
AEHL,Antelope Enterprise Holdings Limited Class A Ordinary Shares,stocks,us,XNAS,CS,True,usd,0001470683,,,2025-09-24T06:06:16.196102203Z
AEHR,Aehr Test Systems,stocks,us,XNAS,CS,True,usd,0001040470,BBG000BWM083,BBG001SB1CS4,2025-09-24T06:06:16.196102283Z
AEI,Alset Inc. Common Stock (TX),stocks,us,XNAS,CS,True,usd,0001750106,BBG000PZLNH2,BBG001SRKK73,2025-09-24T06:06:16.196102373Z
AEIS,Advanced Energy Industries Inc,stocks,us,XNAS,CS,True,usd,0000927003,BBG000FKMP26,BBG001S8L5Z6,2025-09-24T06:06:16.196102453Z
AEM,Agnico Eagle Mines Ltd.,stocks,us,XNYS,CS,True,usd,0000002809,BBG000DLVDK3,BBG001S77MK3,2025-09-24T06:06:16.196102533Z
AEMD,AETHLON MEDICAL INC,stocks,us,XNAS,CS,True,usd,0000882291,BBG000L78XT8,BBG001SDDHJ6,2025-09-24T06:06:16.196102614Z
AEMS,Anfield Enhanced Market ETF,stocks,us,BATS,ETF,True,usd,0001552947,BBG01VRP0J30,BBG01VRP0K28,2025-09-24T06:06:16.196102834Z
AENT,Alliance Entertainment Holding Corporation Class A Common Stock,stocks,us,XNAS,CS,True,usd,0001823584,BBG00YB0X2R2,BBG00YB0X2S1,2025-09-24T06:06:16.196102914Z
AENTW,Alliance Entertainment Holding Corporation Warrants,stocks,us,XNAS,WARRANT,True,usd,0001823584,BBG00ZS05J95,,2025-09-24T06:06:16.196102994Z
AEO,American Eagle Outfitters,stocks,us,XNYS,CS,True,usd,0000919012,BBG000BGXZB5,BBG001S7Q949,2025-09-24T06:06:16.196103074Z
AEON,"AEON Biopharma, Inc.",stocks,us,XASE,CS,True,usd,0001837607,BBG00Z17HDW3,BBG00Z17HFQ5,2025-09-24T06:06:16.196103165Z
AEP,"American Electric Power Company, Inc.",stocks,us,XNAS,CS,True,usd,0000004904,BBG000BB9KF2,BBG001S5NFD2,2025-09-24T06:06:16.196103766Z
AER,Aercap Holdings N.V.,stocks,us,XNYS,CS,True,usd,0001378789,,,2025-09-24T06:06:16.196103846Z
AERT,"Aeries Technology, Inc. Class A Ordinary Share",stocks,us,XNAS,CS,True,usd,0001853044,,,2025-09-24T06:06:16.196103966Z
AERTW,"Aeries Technology, Inc. Warrant",stocks,us,XNAS,WARRANT,True,usd,0001853044,,,2025-09-24T06:06:16.196104046Z
AES,AES Corporation,stocks,us,XNYS,CS,True,usd,0000874761,BBG000C23KJ3,BBG001S6B1L5,2025-09-24T06:06:16.196104126Z
AESI,Atlas Energy Solutions Inc.,stocks,us,XNYS,CS,True,usd,0001984060,BBG01JFZ96X4,BBG01JFZ96Y3,2025-09-24T06:06:16.196104217Z
AESR,Anfield U.S. Equity Sector Rotation ETF,stocks,us,BATS,ETF,True,usd,0001552947,BBG00R4084K6,BBG00R408596,2025-09-24T06:06:16.196104297Z
AETH,Bitwise Trendwise Ether and Treasuries Rotation Strategy ETF,stocks,us,ARCX,ETF,True,usd,,BBG01JLGS0C4,BBG01JLGS178,2025-09-24T06:06:16.196104377Z
AEVA,"Aeva Technologies, Inc.",stocks,us,XNAS,CS,True,usd,0001789029,BBG00RK5L2N3,BBG00RK5L2P1,2025-09-24T06:06:16.196104457Z
AEVAW,"Aeva Technologies, Inc. Warrants",stocks,us,XNAS,WARRANT,True,usd,0001789029,BBG00RYQY3V7,,2025-09-24T06:06:16.196104537Z
AEYE,"AudioEye, Inc. Common Stock",stocks,us,XNAS,CS,True,usd,0001362190,BBG002ZQLQB6,BBG002ZQLQC5,2025-09-24T06:06:16.196104617Z
AFB,"Alliance National Municipal Income Fund, Inc.",stocks,us,XNYS,FUND,True,usd,0001162027,BBG000DTM676,BBG001SK6452,2025-09-24T06:06:16.196104698Z
AFBI,"Affinity Bancshares, Inc. Common Stock (MD)",stocks,us,XNAS,CS,True,usd,0001823406,BBG00XH58W17,BBG00XH58WY1,2025-09-24T06:06:16.196104778Z
AFCG,Advanced Flower Capital Inc. Common Stock,stocks,us,XNAS,CS,True,usd,0001822523,BBG00YPSX4X5,BBG00YPSX5R9,2025-09-24T06:06:16.196104858Z
AFG,"American Financial Group, Inc.",stocks,us,XNYS,CS,True,usd,0001042046,BBG000DPKKK0,BBG001S8JK86,2025-09-24T06:06:16.196104938Z
AFGB,"American Financial Group, Inc. 5.875% Subordinated Debentures due 2059",stocks,us,XNYS,SP,True,usd,0001042046,,,2025-09-24T06:06:16.196105028Z
AFGC,"American Financial Group, Inc. 5.125% Subordinated Debentures due 2059",stocks,us,XNYS,SP,True,usd,0001042046,,,2025-09-24T06:06:16.196105229Z
AFGD,"American Financial Group, Inc. 5.625% Subordinated Debentures due 2060",stocks,us,XNYS,SP,True,usd,0001042046,,,2025-09-24T06:06:16.196105399Z
AFGE,"American Financial Group, Inc. 4.500% Subordinated Debentures due 2060",stocks,us,XNYS,SP,True,usd,0001042046,,,2025-09-24T06:06:16.196105489Z
AFIF,Anfield Universal Fixed Income ETF,stocks,us,BATS,ETF,True,usd,0001552947,BBG00LZQ9356,BBG00LZQ93Z3,2025-09-24T06:06:16.196105599Z
AFIX,Allspring Broad Market Core Bond ETF,stocks,us,ARCX,ETF,True,usd,,BBG01QVK6KB9,BBG01QVK6L54,2025-09-24T06:06:16.196105679Z
AFJK,"Aimei Health Technology Co., Ltd Ordinary Share",stocks,us,XNAS,CS,True,usd,0001979005,,,2025-09-24T06:06:16.19610576Z
AFJKR,"Aimei Health Technology Co., Ltd Right",stocks,us,XNAS,RIGHT,True,usd,0001979005,,,2025-09-24T06:06:16.19610585Z
AFJKU,"Aimei Health Technology Co., Ltd Unit",stocks,us,XNAS,UNIT,True,usd,0001979005,,,2025-09-24T06:06:16.19610593Z
AFK,VanEck Africa Index ETF,stocks,us,ARCX,ETF,True,usd,0001137360,BBG000H0B9J8,BBG001T33P37,2025-09-24T06:06:16.19610613Z
AFL,Aflac Inc.,stocks,us,XNYS,CS,True,usd,0000004977,BBG000BBBNC6,BBG001S5NGJ4,2025-09-24T06:06:16.196106311Z
AFLG,First Trust Active Factor Large Cap ETF,stocks,us,ARCX,ETF,True,usd,0001667919,BBG00QZ0DQB9,BBG00QZ0DR27,2025-09-24T06:06:16.196106391Z
AFMC,First Trust Active Factor Mid Cap ETF,stocks,us,ARCX,ETF,True,usd,0001667919,BBG00QZ0GVP0,BBG00QZ0GWH7,2025-09-24T06:06:16.196106491Z
AFOS,ARS Focused Opportunity Strategy ETF,stocks,us,XNAS,ETF,True,usd,,BBG01VPTD7B7,BBG01VPTD898,2025-09-24T06:06:16.196106571Z
AFRI,Forafric Global PLC Ordinary Shares,stocks,us,XNAS,CS,True,usd,0001903870,,,2025-09-24T06:06:16.196106671Z
AFRIW,Forafric Global PLC Warrants,stocks,us,XNAS,WARRANT,True,usd,0001903870,,,2025-09-24T06:06:16.196106762Z
AFRM,"Affirm Holdings, Inc. Class A Common Stock",stocks,us,XNAS,CS,True,usd,0001820953,BBG00Y7BP8Y1,BBG00Y7BP8Z0,2025-09-24T06:06:16.196106932Z
AFRU,T-REX 2X Long AFRM Daily Target ETF,stocks,us,BATS,ETF,True,usd,,BBG01WW9WYK1,BBG01WW9WZK8,2025-09-24T06:06:16.196107142Z
AFSC,abrdn Focused U.S. Small Cap Active ETF,stocks,us,XNAS,ETF,True,usd,,BBG01S68Z424,BBG01S68Z5J3,2025-09-24T06:06:16.196107222Z
AFSM,First Trust Active Factor Small Cap ETF,stocks,us,ARCX,ETF,True,usd,0001667919,BBG00QZ0H932,BBG00QZ0H9W0,2025-09-24T06:06:16.196107323Z
AFYA,Afya Limited Class A Common Shares,stocks,us,XNAS,CS,True,usd,0001771007,,,2025-09-24T06:06:16.196107413Z
AG,FIRST MAJESTIC SILVER CORP,stocks,us,XNYS,CS,True,usd,0001308648,BBG000CH7WB8,BBG001SGV444,2025-09-24T06:06:16.196107523Z
AGAE,Allied Gaming & Entertainment Inc. Common Stock,stocks,us,XNAS,CS,True,usd,0001708341,BBG00J2442Y1,BBG00J2443N1,2025-09-24T06:06:16.196107603Z
AGCO,AGCO Corporation,stocks,us,XNYS,CS,True,usd,0000880266,BBG000DCCZW2,BBG001S7WHW3,2025-09-24T06:06:16.196107683Z
AGD,abrdn Global Dynamic Dividend Fund,stocks,us,XNYS,FUND,True,usd,0001362481,BBG000DJLNL6,BBG001SMLZ16,2025-09-24T06:06:16.196107763Z
AGEM,abrdn Emerging Markets Dividend Active ETF,stocks,us,XNAS,ETF,True,usd,,BBG01S68DQN6,BBG01S68DRK7,2025-09-24T06:06:16.196107854Z
AGEN,Agenus Inc.,stocks,us,XNAS,CS,True,usd,0001098972,BBG000C8SWQ9,BBG001SDV370,2025-09-24T06:06:16.196107934Z
AGG,iShares Core U.S. Aggregate Bond ETF,stocks,us,ARCX,ETF,True,usd,0001100663,BBG000Q123R0,BBG001SM1QT8,2025-09-24T06:06:16.196108014Z
AGGA,EA Series Trust EA Astoria Dynamic Core US Fixed Income ETF,stocks,us,XNAS,ETF,True,usd,,BBG01TS490J6,BBG01TS491J4,2025-09-24T06:06:16.196108094Z
AGGH,Simplify Aggregate Bond ETF,stocks,us,ARCX,ETF,True,usd,0001810747,BBG015BC7V75,BBG015BC7WS0,2025-09-24T06:06:16.196108174Z
AGGS,Harbor Disciplined Bond ETF,stocks,us,ARCX,ETF,True,usd,0001860434,BBG01MCGX1X6,BBG01MCGX2S0,2025-09-24T06:06:16.196108264Z
AGGY,WisdomTree Yield Enhanced U.S. Aggregate Bond Fund,stocks,us,ARCX,ETF,True,usd,0001350487,BBG009KCY2B7,BBG009KCY2C6,2025-09-24T06:06:16.196108345Z
AGH,Aureus Greenway Holdings Inc. Common Stock,stocks,us,XNAS,CS,True,usd,0002009312,BBG01NG4Q1P4,BBG01NG4Q2J9,2025-09-24T06:06:16.196108425Z
AGI,Alamos Gold Inc. Class A Common Shares,stocks,us,XNYS,CS,True,usd,0001178819,BBG009HT6BL4,BBG009HT65S0,2025-09-24T06:06:16.196108635Z
AGIO,"Agios Pharmaceuticals, Inc.",stocks,us,XNAS,CS,True,usd,0001439222,BBG000QY4ZD0,BBG001T8R687,2025-09-24T06:06:16.196108715Z
AGIQ,SoFi Agentic AI ETF,stocks,us,ARCX,ETF,True,usd,,BBG01WV67GC4,BBG01WV67HD1,2025-09-24T06:06:16.196108825Z
AGIX,KraneShares Artificial Intelligence ETF,stocks,us,XNAS,ETF,True,usd,0001536592,BBG01NT1RH61,BBG01NT1RJ21,2025-09-24T06:06:16.196108916Z
AGL,"agilon health, inc.",stocks,us,XNYS,CS,True,usd,0001831097,BBG00HCYVQQ4,BBG00HCYVQR3,2025-09-24T06:06:16.196108996Z
AGM,Federal Agricultural Mortgage Corporation,stocks,us,XNYS,CS,True,usd,0000845877,BBG000G8ZKY4,BBG001SCWNB2,2025-09-24T06:06:16.196109076Z
AGM.A,Federal Agricultural Mortgage Corporation Class A Voting,stocks,us,XNYS,CS,True,usd,0000845877,BBG000G8Y1Z6,BBG001SCWN95,2025-09-24T06:06:16.196109156Z
AGMH,AGM Group Holdings Inc. Class A Ordinary Shares,stocks,us,XNAS,CS,True,usd,0001705402,,,2025-09-24T06:06:16.196109236Z
AGMI,Themes Silver Miners ETF,stocks,us,XNAS,ETF,True,usd,0001976322,BBG01MQSFLS7,BBG01MQSFMM1,2025-09-24T06:06:16.196109637Z
AGMpD,"Federal Agricultural Mortgage Corporation 5.700% Non-Cumulative Preferred Stock, Series D",stocks,us,XNYS,PFD,True,usd,0000845877,,,2025-09-24T06:06:16.196109717Z
AGMpE,"Federal Agricultural Mortgage Corporation 5.750% Non-Cumulative Preferred Stock, Series E",stocks,us,XNYS,PFD,True,usd,0000845877,,,2025-09-24T06:06:16.196109807Z
AGMpF,"Federal Agricultural Mortgage Corporation 5.250% Non-Cumulative Preferred Stock, Series F",stocks,us,XNYS,PFD,True,usd,0000845877,,,2025-09-24T06:06:16.196109887Z
AGMpG,"Federal Agricultural Mortgage Corporation 4.875% Non-Cumulative Preferred Stock, Series G",stocks,us,XNYS,PFD,True,usd,0000845877,,,2025-09-24T06:06:16.196109968Z
AGMpH,"Federal Agricultural Mortgage Corporation 6.500% Non-Cumulative Preferred Stock, Series H",stocks,us,XNYS,PFD,True,usd,0000845877,,,2025-09-24T06:06:16.196110048Z
AGNC,AGNC Investment Corp. Common Stock,stocks,us,XNAS,CS,True,usd,0001423689,BBG000TJ8XZ7,BBG001T074G2,2025-09-24T06:06:16.196110128Z
AGNCL,"AGNC Investment Corp. Depositary Shares Each Representing a 1/1,000th Interest in a Share of 7.75% Series G Fixed-Rate Reset Cumulative Redeemable Preferred Stock",stocks,us,XNAS,CS,True,usd,0001423689,,,2025-09-24T06:06:16.196110208Z
AGNCM,AGNC Investment Corp. Depositary Shares rep 6.875% Series D Fixed-to-Floating Cumulative Redeemable Preferred Stock,stocks,us,XNAS,PFD,True,usd,0001423689,,,2025-09-24T06:06:16.196110418Z
AGNCN,"AGNC Investment Corp. Depositary Shares Each Representing a 1/1,000th Interest in a Share of 7 percent Series C Fixed-To-Floating Rate Cumulative Redeemable Preferred Stock",stocks,us,XNAS,PFD,True,usd,0001423689,,,2025-09-24T06:06:16.196110499Z
AGNCO,"AGNC Investment Corp. Depositary Shares, each representing a 1/1,000th interest in a share of 6.50% Series E Fixed-to-Floating Cumulative Redeemable Preferred Stock",stocks,us,XNAS,CS,True,usd,0001423689,,,2025-09-24T06:06:16.196110609Z
AGNCP,"AGNC Investment Corp. Depositary Shares Each Representing a 1/1,000th Interest in a Share of 6.125% Series F Fixed-to-Floating Rate Cumulative Redeemable Preferred Stock",stocks,us,XNAS,PFD,True,usd,0001423689,,,2025-09-24T06:06:16.196110699Z
AGNCZ,AGNC Investment Corp. 8.75% Series H Fixed-Rate Cumulative Redeemable Preferred Stock,stocks,us,XNAS,PFD,True,usd,0001423689,,,2025-09-24T06:06:16.196110779Z
AGNG,Global X Funds Global X Aging Population ETF,stocks,us,XNAS,ETF,True,usd,0001432353,BBG00CVW2JC1,BBG00CVW2JD0,2025-09-24T06:06:16.196110859Z
AGO,"Assured Guaranty, LTD",stocks,us,XNYS,CS,True,usd,0001273813,,,2025-09-24T06:06:16.196110939Z
AGOX,Adaptive Alpha Opportunities ETF,stocks,us,ARCX,ETF,True,usd,,BBG010WX25M2,BBG010WX26H6,2025-09-24T06:06:16.19611102Z
AGQ,ProShares Ultra Silver,stocks,us,ARCX,ETV,True,usd,0001415311,BBG000F7KQG0,BBG001T2GCT6,2025-09-24T06:06:16.1961111Z
AGQI,First Trust Active Global Quality Income ETF,stocks,us,ARCX,ETF,True,usd,0001667919,BBG01K8H7QZ5,BBG01K8H7RT0,2025-09-24T06:06:16.19611119Z
AGRH,iShares Interest Rate Hedged U.S. Aggregate Bond ETF,stocks,us,ARCX,ETF,True,usd,0001524513,BBG01858ZD01,BBG01858ZF15,2025-09-24T06:06:16.19611127Z
AGRI,AgriFORCE Growing Systems Ltd. Common Shares,stocks,us,XNAS,CS,True,usd,0001826397,,,2025-09-24T06:06:16.19611135Z
AGRO,ADECOAGRO S.A.,stocks,us,XNYS,CS,True,usd,0001499505,,,2025-09-24T06:06:16.19611143Z
AGRW,Allspring LT Large Growth ETF,stocks,us,ARCX,ETF,True,usd,,BBG01SXPDTR8,BBG01SXPDVQ4,2025-09-24T06:06:16.196111521Z
AGX,"Argan, Inc",stocks,us,XNYS,CS,True,usd,0000100591,BBG000K4J3T0,BBG001SJP7D8,2025-09-24T06:06:16.196111601Z
AGYS,"Agilysys, Inc. Common Stock (DE)",stocks,us,XNAS,CS,True,usd,0000078749,BBG000BR74W6,BBG001S5V6V3,2025-09-24T06:06:16.196111681Z
AGZ,iShares Agency Bond ETF,stocks,us,ARCX,ETF,True,usd,0001100663,BBG000G03TV0,BBG001T2RRQ4,2025-09-24T06:06:16.196111901Z
AGZD,WisdomTree Trust WisdomTree Interest Rate Hedged U.S. Aggregate Bond Fund,stocks,us,XNAS,ETF,True,usd,0001350487,BBG005Q26B40,BBG005Q26B59,2025-09-24T06:06:16.196111981Z
AHCO,AdaptHealth Corp. Common Stock,stocks,us,XNAS,CS,True,usd,0001725255,BBG00KJQVGV3,BBG00KJQVGW2,2025-09-24T06:06:16.196112082Z
AHG,Akso Health Group ADS,stocks,us,XNAS,ADRC,True,usd,0001702318,BBG00HVQFMZ7,BBG00HVQFN03,2025-09-24T06:06:16.196112162Z
AHH,"Armada Hoffler Properties, Inc.",stocks,us,XNYS,CS,True,usd,0001569187,BBG004CYX1M0,BBG004CYX1N9,2025-09-24T06:06:16.196112242Z
AHHpA,"Armada Hoffler Properties, Inc. 6.75% Series A Cumulative Redeemable Perpetual Preferred Stock",stocks,us,XNYS,PFD,True,usd,0001569187,,,2025-09-24T06:06:16.196112342Z
AHL,Aspen Insurance Holdings Limited,stocks,us,XNYS,CS,True,usd,0001267395,,,2025-09-24T06:06:16.196112422Z
AHLT,American Beacon AHL Trend ETF,stocks,us,ARCX,ETF,True,usd,,BBG01J3YK8D5,BBG01J3YK989,2025-09-24T06:06:16.196112502Z
AHLpD,Aspen Insurance Holdings Limited 5.625% Perpetual Non-Cumulative Preference Shares,stocks,us,XNYS,PFD,True,usd,0001267395,,,2025-09-24T06:06:16.196112753Z
AHLpE,"Aspen Insurance Holdings Limited Depositary Shares, each representing a 1/1000th interest in a share of 5.625% Perpetual Non-Cumulative Preference Shares",stocks,us,XNYS,PFD,True,usd,0001267395,,,2025-09-24T06:06:16.196112833Z
AHLpF,"Aspen Insurance Holdings Limited Depositary Shares, each representing a 1/1,000th Interest in a 7.00% Perpetual Non-Cumulative Preference Share",stocks,us,XNYS,PFD,True,usd,0001267395,,,2025-09-24T06:06:16.196112913Z
AHR,"American Healthcare REIT, Inc.",stocks,us,XNYS,CS,True,usd,0001632970,BBG01L820CZ4,BBG01L820DT9,2025-09-24T06:06:16.196113094Z
AHT,"Ashford Hospitality Trust, Inc.",stocks,us,XNYS,CS,True,usd,0001232582,BBG000PRZVD1,BBG001SLQ6G1,2025-09-24T06:06:16.196113294Z
AHTpD,"Ashford Hospitality Trust, Inc. 8.45% Series D",stocks,us,XNYS,PFD,True,usd,0001232582,,,2025-09-24T06:06:16.196113374Z
AHTpF,"Ashford Hospitality Trust, Inc.",stocks,us,XNYS,PFD,True,usd,0001232582,,,2025-09-24T06:06:16.196113504Z
AHTpG,"Ashford Hospitality Trust, Inc   7.375% Series G Cumulative Preferred Stock",stocks,us,XNYS,PFD,True,usd,0001232582,,,2025-09-24T06:06:16.196113595Z
AHTpH,"Ashford Hospitality Trust, Inc. 7.50 Percent Series H Cumulative Preferred Stock",stocks,us,XNYS,PFD,True,usd,0001232582,,,2025-09-24T06:06:16.196113805Z
AHTpI,"Ashford Hospitality Trust, Inc. 7.50% Series I Cumulative Preferred Stock",stocks,us,XNYS,PFD,True,usd,0001232582,,,2025-09-24T06:06:16.196113885Z
AHYB,American Century Select High Yield ETF,stocks,us,ARCX,ETF,True,usd,0001710607,BBG013HJSPQ8,BBG013HJSQK2,2025-09-24T06:06:16.196113995Z
AI,"C3.ai, Inc.",stocks,us,XNYS,CS,True,usd,0001577526,BBG00Y6G6X31,BBG00Y6G6Y84,2025-09-24T06:06:16.196114075Z
AIA,iShares Asia 50 ETF,stocks,us,XNAS,ETF,True,usd,0001100663,BBG000TVYW56,BBG001T0LKC4,2025-09-24T06:06:16.196114186Z
AIBD,Direxion Daily AI and Big Data Bear 2X Shares,stocks,us,ARCX,ETF,True,usd,,BBG01MG5S082,BBG01MG5S153,2025-09-24T06:06:16.196114266Z
AIBU,Direxion Daily AI and Big Data Bull 2X Shares,stocks,us,ARCX,ETF,True,usd,,BBG01MG5M122,BBG01MG5M1X8,2025-09-24T06:06:16.196114346Z
AIEQ,Amplify AI Powered Equity ETF,stocks,us,ARCX,ETF,True,usd,0001633061,BBG01L6Y3H73,BBG01L6Y3J42,2025-09-24T06:06:16.196114426Z
AIFD,TCW Artificial Intelligence ETF,stocks,us,XNAS,ETF,True,usd,0001831313,BBG01MQS6C89,BBG01MQS6D50,2025-09-24T06:06:16.196114516Z
AIFF,"Firefly Neuroscience, Inc. Common Stock",stocks,us,XNAS,CS,True,usd,0000803578,BBG000BF6HD5,BBG001S6ZMC3,2025-09-24T06:06:16.196114596Z
AIFU,AIFU Inc. Class A Ordinary Share,stocks,us,XNAS,CS,True,usd,0001413855,,,2025-09-24T06:06:16.196114677Z
AIG,"American International Group, Inc.",stocks,us,XNYS,CS,True,usd,0000005272,BBG000BBDZG3,BBG001S5NJG1,2025-09-24T06:06:16.196114757Z
AIHS,Senmiao Technology Limited Common Stock,stocks,us,XNAS,CS,True,usd,0001711012,BBG00J3Q25V9,BBG00J3Q26K9,2025-09-24T06:06:16.196114837Z
AII,"American Integrity Insurance Group, Inc.",stocks,us,XNYS,CS,True,usd,0002007587,BBG000BN06C9,BBG001SC1H65,2025-09-24T06:06:16.196114917Z
AIIO,Robo.ai Inc. Class B Ordinary Shares,stocks,us,XNAS,CS,True,usd,0001932737,,,2025-09-24T06:06:16.196114997Z
AIIOW,Robo.ai Inc. Warrant,stocks,us,XNAS,WARRANT,True,usd,0001932737,,,2025-09-24T06:06:16.196115077Z
AIM,AIM ImmunoTech Inc.,stocks,us,XASE,CS,True,usd,0000946644,BBG000JL6Z80,BBG001SB9J29,2025-09-24T06:06:16.196115288Z
AIMD,"Ainos, Inc. Common Stock",stocks,us,XNAS,CS,True,usd,0001014763,BBG000H6PLR4,BBG001S965R0,2025-09-24T06:06:16.196115368Z
AIMDW,"Ainos, Inc. Warrants",stocks,us,XNAS,WARRANT,True,usd,0001014763,BBG019232J79,,2025-09-24T06:06:16.196115478Z
AIN,Albany International Corp Class A,stocks,us,XNYS,CS,True,usd,0000819793,BBG000BRWWH3,BBG001S5VKN1,2025-09-24T06:06:16.196115568Z
AINP,Allspring Income Plus ETF,stocks,us,ARCX,ETF,True,usd,,BBG01QVK6YM7,BBG01QVK6ZK6,2025-09-24T06:06:16.196115648Z
AIO,Virtus Artificial Intelligence & Technology Opportunities Fund,stocks,us,XNYS,FUND,True,usd,0001778114,BBG00Q7474K8,BBG00Q7474L7,2025-09-24T06:06:16.196115729Z
AIOO,AllianzIM U.S. Equity Buffer100 Protection ETF,stocks,us,BATS,ETF,True,usd,0001797318,BBG01V5B7TC6,BBG01V5B7V77,2025-09-24T06:06:16.196115809Z
AIOT,"PowerFleet, Inc. Common Stock",stocks,us,XNAS,CS,True,usd,0001774170,BBG00PG3JNL6,BBG00PG3JNM5,2025-09-24T06:06:16.196115889Z
AIP,"Arteris, Inc. Common Stock",stocks,us,XNAS,CS,True,usd,0001667011,BBG000QMLTK3,BBG001T7VHG1,2025-09-24T06:06:16.196115969Z
AIPI,REX AI Equity Premium Income ETF,stocks,us,XNAS,ETF,True,usd,,BBG01N48YNC5,BBG01N48YPF7,2025-09-24T06:06:16.196116069Z
AIPO,Defiance AI & Power Infrastructure ETF,stocks,us,XNAS,ETF,True,usd,,BBG01S2RQNR7,BBG01S2RQPN6,2025-09-24T06:06:16.196116169Z
AIQ,Global X Funds Global X Artificial Intelligence & Technology ETF,stocks,us,XNAS,ETF,True,usd,0001432353,BBG00KX8KG94,BBG00KX8KH01,2025-09-24T06:06:16.19611625Z
AIR,AAR Corp.,stocks,us,XNYS,CS,True,usd,0000001750,BBG000BBGQF1,BBG001S5NJX2,2025-09-24T06:06:16.19611633Z
AIRE,reAlpha Tech Corp. Common Stock,stocks,us,XNAS,CS,True,usd,0001859199,BBG015SL9PD1,BBG015SL9PF9,2025-09-24T06:06:16.19611642Z
AIRG,"Airgain, Inc. Common Stock",stocks,us,XNAS,CS,True,usd,0001272842,BBG0026ZDGG4,BBG0026ZDGH3,2025-09-24T06:06:16.1961165Z
AIRI,Air Industries Group,stocks,us,XASE,CS,True,usd,0001009891,BBG000C8XXR0,BBG001SG3M27,2025-09-24T06:06:16.19611658Z
AIRJ,AirJoule Technologies Corporation Class A Common Stock,stocks,us,XNAS,CS,True,usd,0001855474,BBG014FPNGK5,BBG014FPNHD1,2025-09-24T06:06:16.196116781Z
AIRJW,AirJoule Technologies Corporation Warrant,stocks,us,XNAS,WARRANT,True,usd,0001855474,BBG014XDH6X7,,2025-09-24T06:06:16.196116861Z
AIRO,"AIRO Group Holdings, Inc. Common Stock",stocks,us,XNAS,CS,True,usd,0001927958,BBG01FRGW2W5,BBG01FRGW2Z2,2025-09-24T06:06:16.196116981Z
AIRR,First Trust RBA American Industrial Renaissance ETF,stocks,us,XNAS,ETF,True,usd,0001552740,BBG0063G4FW4,BBG0063G4FX3,2025-09-24T06:06:16.196117061Z
AIRS,"AirSculpt Technologies, Inc. Common Stock",stocks,us,XNAS,CS,True,usd,0001870940,BBG012V27C29,BBG012V27CX5,2025-09-24T06:06:16.196117422Z
AIRT,Air T Inc,stocks,us,XNAS,CS,True,usd,0000353184,BBG000BBH316,BBG001S5NJZ0,2025-09-24T06:06:16.196117502Z
AIRTP,"Air T, Inc. Air T Funding Alpha Income Trust Preferred Securities",stocks,us,XNAS,PFD,True,usd,0000353184,,,2025-09-24T06:06:16.196117582Z
AIS,VistaShares Artificial Intelligence Supercycle ETF,stocks,us,ARCX,ETF,True,usd,0001722388,BBG01R2TJN20,BBG01R2TJP25,2025-09-24T06:06:16.196117662Z
AISP,"Airship AI Holdings, Inc. Class A Common Stock",stocks,us,XNAS,CS,True,usd,0001842566,BBG00ZZNS7C4,BBG00ZZNS7D3,2025-09-24T06:06:16.196117742Z
AISPW,"Airship AI Holdings, Inc. Warrants",stocks,us,XNAS,WARRANT,True,usd,0001842566,BBG010W1PNX6,,2025-09-24T06:06:16.196117823Z
AIT,"Applied Industrial Technologies, Inc.",stocks,us,XNYS,CS,True,usd,0000109563,BBG000BBHHP9,BBG001S5NK14,2025-09-24T06:06:16.196117913Z
AIV,Apartment Investment and Management Company,stocks,us,XNYS,CS,True,usd,0000922864,BBG000DD3510,BBG001S876N3,2025-09-24T06:06:16.196117993Z
AIVC,Amplify Bloomberg AI Value Chain ETF,stocks,us,ARCX,ETF,True,usd,0001633061,BBG01L6Y1LR4,BBG01L6Y1ML8,2025-09-24T06:06:16.196118073Z
AIVI,WisdomTree International AI Enhanced Value Fund,stocks,us,ARCX,ETF,True,usd,0001350487,BBG000BT3GK2,BBG001SHL7M6,2025-09-24T06:06:16.196118153Z
AIVL,WisdomTree U.S. AI Enhanced Value Fund,stocks,us,ARCX,ETF,True,usd,0001350487,BBG000BT2NX4,BBG001SHL7F4,2025-09-24T06:06:16.196118233Z
AIXI,XIAO-I Corporation American Depositary Shares,stocks,us,XNAS,ADRC,True,usd,0001935172,BBG01C3DTQ83,BBG01C3DTQ92,2025-09-24T06:06:16.196118314Z
AIYY,YieldMax AI Option Income Strategy ETF,stocks,us,ARCX,ETS,True,usd,0001924868,BBG01K8MLVZ7,BBG01K8MLWY6,2025-09-24T06:06:16.196118644Z
AIZ,"Assurant, Inc.",stocks,us,XNYS,CS,True,usd,0001267238,BBG000BZX1N5,BBG001SD9DW5,2025-09-24T06:06:16.196118724Z
AIZN,"Assurant, Inc. 5.25% Subordinated Notes due 2061",stocks,us,XNYS,SP,True,usd,0001267238,,,2025-09-24T06:06:16.196118825Z
AJAN,Innovator Equity Defined Protection ETF - 2 Yr to January 2026,stocks,us,BATS,ETF,True,usd,0001415726,BBG01KTTT4N4,BBG01KTTT5K4,2025-09-24T06:06:16.196118955Z
AJG,Arthur J. Gallagher & Co.,stocks,us,XNYS,CS,True,usd,0000354190,BBG000BBHXQ3,BBG001S5NKC2,2025-09-24T06:06:16.196119035Z
AJUL,Innovator Equity Defined Protection ETF - 2 Yr to July 2026,stocks,us,BATS,ETF,True,usd,0001415726,BBG01NJ0PGC1,BBG01NJ0PH66,2025-09-24T06:06:16.196119436Z
AKA,a.k.a. Brands Holding Corp.,stocks,us,XNYS,CS,True,usd,0001865107,BBG0129CWQ14,BBG0129CWQ23,2025-09-24T06:06:16.196119516Z
AKAF,The Frontier Economic Fund,stocks,us,XNYS,ETF,True,usd,,BBG01VS3BCZ6,BBG01VS3BF70,2025-09-24T06:06:16.196119606Z
AKAM,Akamai Technologies Inc,stocks,us,XNAS,CS,True,usd,0001086222,BBG000BJQWD2,BBG001S7YHX0,2025-09-24T06:06:16.196119696Z
AKAN,Akanda Corp. Common Shares,stocks,us,XNAS,CS,True,usd,0001888014,BBG013GQ5XT8,BBG013GQ5XV5,2025-09-24T06:06:16.196119776Z
AKBA,"Akebia Therapeutics, Inc.",stocks,us,XNAS,CS,True,usd,0001517022,BBG000R33R00,BBG001T922S9,2025-09-24T06:06:16.196119856Z
AKO.A,Embotelladora Andina S.A. Series A,stocks,us,XNYS,ADRC,True,usd,0000925261,BBG000J82W71,BBG001S9ZDD6,2025-09-24T06:06:16.196119937Z
AKO.B,Embotelladora Andina S.A. Series B,stocks,us,XNYS,ADRC,True,usd,0000925261,BBG000DZ2SW8,BBG001S6T4X7,2025-09-24T06:06:16.196120017Z
AKR,Acadia Realty Trust,stocks,us,XNYS,CS,True,usd,0000899629,BBG000BJGD54,BBG001S7KXT5,2025-09-24T06:06:16.196120097Z
AKRO,"Akero Therapeutics, Inc. Common Stock",stocks,us,XNAS,CS,True,usd,0001744659,BBG00L9211Y8,BBG00L9211Z7,2025-09-24T06:06:16.196120187Z
AKTX,Akari Therapeutics plc ADR (0.01 USD),stocks,us,XNAS,ADRC,True,usd,0001541157,BBG003PMV495,BBG003PMV510,2025-09-24T06:06:16.196120267Z
AL,Air Lease Corporation,stocks,us,XNYS,CS,True,usd,0001487712,BBG000R3NPZ4,BBG001T92VD1,2025-09-24T06:06:16.196120608Z
ALAB,"Astera Labs, Inc. Common Stock",stocks,us,XNAS,CS,True,usd,0001736297,BBG00TDKHW99,BBG00TDKHWK6,2025-09-24T06:06:16.196120688Z
ALAI,Alger AI Enablers & Adopters ETF,stocks,us,ARCX,ETF,True,usd,0001807486,BBG01M13SDZ5,BBG01M13SFT7,2025-09-24T06:06:16.196120828Z
ALAR,Alarum Technologies Ltd. American Depositary Share,stocks,us,XNAS,ADRC,True,usd,0001725332,BBG00GVM3KM9,BBG00GVM3LB9,2025-09-24T06:06:16.196120909Z
ALB,Albemarle Corporation,stocks,us,XNYS,CS,True,usd,0000915913,BBG000BJ26K7,BBG001S7SBP9,2025-09-24T06:06:16.196120989Z
ALBT,Avalon GloboCare Corp. Common Stock,stocks,us,XNAS,CS,True,usd,0001630212,BBG008648HM7,BBG008648HN6,2025-09-24T06:06:16.196121069Z
ALBpA,Albemarle Corporation Depositary Shares each representing a 1/20th interest in a share of 7.25% Series A Mandatory Convertible Preferred Stock,stocks,us,XNYS,SP,True,usd,0000915913,,,2025-09-24T06:06:16.196121159Z
ALC,Alcon Inc. Ordinary Shares,stocks,us,XNYS,CS,True,usd,0001167379,,,2025-09-24T06:06:16.196121239Z
ALCO,Alico Inc,stocks,us,XNAS,CS,True,usd,0000003545,BBG000BBJR57,BBG001S5NKW0,2025-09-24T06:06:16.196121359Z
ALCY,Alchemy Investments Acquisition Corp 1 Class A Ordinary Shares,stocks,us,XNAS,CS,True,usd,0001901336,,,2025-09-24T06:06:16.19612144Z
ALCYU,Alchemy Investments Acquisition Corp 1 Units,stocks,us,XNAS,UNIT,True,usd,0001901336,,,2025-09-24T06:06:16.19612152Z
ALCYW,Alchemy Investments Acquisition Corp 1 Warrants,stocks,us,XNAS,WARRANT,True,usd,0001901336,,,2025-09-24T06:06:16.1961216Z
ALDF,Aldel Financial II Inc. Class A Ordinary Shares,stocks,us,XNAS,CS,True,usd,0002031561,,,2025-09-24T06:06:16.19612168Z
ALDFU,Aldel Financial II Inc. Units,stocks,us,XNAS,UNIT,True,usd,0002031561,,,2025-09-24T06:06:16.19612177Z
ALDFW,Aldel Financial II Inc. Warrants,stocks,us,XNAS,WARRANT,True,usd,0002031561,,,2025-09-24T06:06:16.19612185Z
ALDX,"Aldeyra Therapeutics, Inc.",stocks,us,XNAS,CS,True,usd,0001341235,BBG0029H8ZF6,BBG0029H8ZG5,2025-09-24T06:06:16.19612193Z
ALE,"ALLETE, Inc.",stocks,us,XNYS,CS,True,usd,0000066756,BBG000CYW7N5,BBG001S77110,2025-09-24T06:06:16.196122141Z
ALEC,"Alector, Inc. Common Stock",stocks,us,XNAS,CS,True,usd,0001653087,BBG00N0PL198,BBG00N0PL214,2025-09-24T06:06:16.196122221Z
ALEX,"Alexander & Baldwin, Inc.",stocks,us,XNYS,CS,True,usd,0001545654,BBG00HS2GVL8,BBG00HS2GVM7,2025-09-24T06:06:16.196122341Z
ALF,Centurion Acquisition Corp. Class A Ordinary Shares,stocks,us,XNAS,CS,True,usd,0002010930,,,2025-09-24T06:06:16.196122421Z
ALFUU,Centurion Acquisition Corp. Unit,stocks,us,XNAS,UNIT,True,usd,0002010930,,,2025-09-24T06:06:16.196122502Z
ALFUW,Centurion Acquisition Corp. Warrant,stocks,us,XNAS,WARRANT,True,usd,0002010930,,,2025-09-24T06:06:16.196122592Z
ALG,"Alamo Group, Inc.",stocks,us,XNYS,CS,True,usd,0000897077,BBG000BJTZX0,BBG001S7YVC2,2025-09-24T06:06:16.196122672Z
ALGM,"Allegro MicroSystems, Inc. Common Stock",stocks,us,XNAS,CS,True,usd,0000866291,BBG00H5S8391,BBG00H5S83B8,2025-09-24T06:06:16.196122752Z
ALGN,Align Technology Inc,stocks,us,XNAS,CS,True,usd,0001097149,BBG000BRNLL2,BBG001SCF1B9,2025-09-24T06:06:16.196122832Z
ALGS,"Aligos Therapeutics, Inc. Common Stock",stocks,us,XNAS,CS,True,usd,0001799448,BBG00QX7QH68,BBG00QX7QH77,2025-09-24T06:06:16.196122912Z
ALGT,Allegiant Travel Company,stocks,us,XNAS,CS,True,usd,0001362468,BBG000LJS6B8,BBG001SQ25S5,2025-09-24T06:06:16.196122992Z
ALHC,"Alignment Healthcare, Inc. Common Stock",stocks,us,XNAS,CS,True,usd,0001832466,BBG00ZJ0DSR6,BBG00ZJ0DSS5,2025-09-24T06:06:16.196123083Z
ALIL,Argent Focused Small Cap ETF,stocks,us,XNAS,ETF,True,usd,,BBG01TCJ00K7,BBG01TCJ01G0,2025-09-24T06:06:16.196123163Z
ALIT,"Alight, Inc.",stocks,us,XNYS,CS,True,usd,0001809104,BBG00H00J2N1,BBG00H00J2Q8,2025-09-24T06:06:16.196123243Z
ALK,"Alaska Air Group, Inc.",stocks,us,XNYS,CS,True,usd,0000766421,BBG000BBL0Y1,BBG001S5NLG6,2025-09-24T06:06:16.196123323Z
ALKS,Alkermes Inc. plc,stocks,us,XNAS,CS,True,usd,0001520262,,,2025-09-24T06:06:16.196123403Z
ALKT,"Alkami Technology, Inc. Common Stock",stocks,us,XNAS,CS,True,usd,0001529274,BBG005HTCT54,BBG005HTCT63,2025-09-24T06:06:16.196123644Z
ALL,The Allstate Corporation,stocks,us,XNYS,CS,True,usd,0000899051,BBG000BVMGF2,BBG001S9BM06,2025-09-24T06:06:16.196123724Z
ALLE,Allegion Public Limited Company,stocks,us,XNYS,CS,True,usd,0001579241,,,2025-09-24T06:06:16.196123854Z
ALLO,"Allogene Therapeutics, Inc. Common Stock",stocks,us,XNAS,CS,True,usd,0001737287,BBG00KHRRDX3,BBG00KHRRDY2,2025-09-24T06:06:16.196124085Z
ALLR,"Allarity Therapeutics, Inc. Common Stock",stocks,us,XNAS,CS,True,usd,0001860657,BBG012NXCZP8,BBG012NXCZQ7,2025-09-24T06:06:16.196124305Z
ALLT,Allot Ltd. Ordinary Shares,stocks,us,XNAS,CS,True,usd,0001365767,,,2025-09-24T06:06:16.196124395Z
ALLW,SPDR Bridgewater All Weather ETF,stocks,us,XNAS,ETF,True,usd,0001516212,BBG01SN3NWY2,BBG01SN3NXT6,2025-09-24T06:06:16.196124515Z
ALLY,Ally Financial Inc.,stocks,us,XNYS,CS,True,usd,0000040729,BBG000BC2R71,BBG001S5RLN4,2025-09-24T06:06:16.196124596Z
ALLpB,The Allstate Corporation 5.100%  Fixed-To-Floating Rate Subordinated Debentures due 2053,stocks,us,XNYS,PFD,True,usd,0000899051,,,2025-09-24T06:06:16.196124686Z
ALLpH,The Allstate Corporation,stocks,us,XNYS,PFD,True,usd,0000899051,,,2025-09-24T06:06:16.196124766Z
ALLpI,The Allstate Corporation,stocks,us,XNYS,PFD,True,usd,0000899051,,,2025-09-24T06:06:16.196124846Z
ALLpJ,"The Allstate Corporation Depositary Shares each representing a 1/1,000th interest in a share of Fixed Rate Noncumulative Perpetual Preferred Stock, Series J",stocks,us,XNYS,PFD,True,usd,0000899051,,,2025-09-24T06:06:16.196124926Z
ALM,Almonty Industries Inc. Common Shares,stocks,us,XNAS,CS,True,usd,0001670061,BBG004KGNV81,BBG001T7CS41,2025-09-24T06:06:16.196125006Z
ALMS,Alumis Inc. Common Stock,stocks,us,XNAS,CS,True,usd,0001847367,BBG01J7X4PN2,BBG01J7X4PP0,2025-09-24T06:06:16.196125086Z
ALMU,"Aeluma, Inc. Common Stock",stocks,us,XNAS,CS,True,usd,0001828805,BBG013BHY3G1,BBG013BHY3H0,2025-09-24T06:06:16.196125167Z
ALNT,Allient Inc. Common Stock,stocks,us,XNAS,CS,True,usd,0000046129,BBG000BKVYJ3,BBG001S5RST3,2025-09-24T06:06:16.196125247Z
ALNY,"Alnylam Pharmaceuticals, Inc.",stocks,us,XNAS,CS,True,usd,0001178670,BBG000BFGNJ5,BBG001S7FTC8,2025-09-24T06:06:16.196125467Z
ALOT,"AstroNova, Inc. Common Stock",stocks,us,XNAS,CS,True,usd,0000008146,BBG000BBMCY4,BBG001S5NLS3,2025-09-24T06:06:16.196125547Z
ALRG,Allspring LT Large Core ETF,stocks,us,ARCX,ETF,True,usd,,BBG01V9VKGD0,BBG01V9VKHF6,2025-09-24T06:06:16.196125678Z
ALRM,"Alarm.com Holdings, Inc.",stocks,us,XNAS,CS,True,usd,0001459200,BBG007GNPYY7,BBG007GNPYZ6,2025-09-24T06:06:16.196125768Z
ALRS,Alerus Financial Corporation Common Stock,stocks,us,XNAS,CS,True,usd,0000903419,BBG000BTXSH7,BBG001SGGKT8,2025-09-24T06:06:16.196125848Z
ALSN,"ALLISON TRANSMISSION HOLDINGS, INC.",stocks,us,XNYS,CS,True,usd,0001411207,BBG001KY3845,BBG001V0T5F3,2025-09-24T06:06:16.196125938Z
ALT,"Altimmune, Inc. Common Stock",stocks,us,XNAS,CS,True,usd,0001326190,BBG000FXML90,BBG001SNS461,2025-09-24T06:06:16.196126018Z
ALTG,Alta Equipment Group Inc.,stocks,us,XNYS,CS,True,usd,0001759824,BBG00NZ6JVD4,BBG00NZ6JW42,2025-09-24T06:06:16.196126098Z
ALTGpA,Alta Equipment Group Inc. Depositary Shares (each representing 1/1000th in a share of 10% Series A Cumulative Perpetual Preferred Stock),stocks,us,XNYS,PFD,True,usd,0001759824,,,2025-09-24T06:06:16.196126179Z
ALTI,"AlTi Global, Inc. Class A Common Stock",stocks,us,XNAS,CS,True,usd,0001838615,BBG00Z6F0LQ7,BBG00Z6F0ML0,2025-09-24T06:06:16.196126259Z
ALTL,Pacer Lunt Large Cap Alternator ETF,stocks,us,ARCX,ETF,True,usd,0001616668,BBG00VP22TF7,BBG00VP22V71,2025-09-24T06:06:16.196126339Z
ALTO,"Alto Ingredients, Inc. Common Stock",stocks,us,XNAS,CS,True,usd,0000778164,BBG000K4WSD7,BBG001SCBYZ5,2025-09-24T06:06:16.196126419Z
ALTS,ALT5 Sigma Corporation Common Stock,stocks,us,XNAS,CS,True,usd,0000862861,BBG000CKLRH0,BBG001S6Y4N2,2025-09-24T06:06:16.196126509Z
ALTY,Global X Funds Global X Alternative Income ETF,stocks,us,XNAS,ETF,True,usd,0001432353,BBG009L6H4R7,BBG009L6H4S6,2025-09-24T06:06:16.196126589Z
ALUR,"Allurion Technologies, Inc.",stocks,us,XNYS,CS,True,usd,0001964979,BBG01HPVRLS9,BBG01HPVRLV5,2025-09-24T06:06:16.196126669Z
ALUR.WS,"Allurion Technologies, Inc. Warrants, each whole warrant exercisable to purchase 0.056818 shares of common stock at an exercise price of $202.50 per share of common stock",stocks,us,XNYS,WARRANT,True,usd,0001964979,BBG01HPVZWF0,,2025-09-24T06:06:16.19612676Z
ALV,"Autoliv, Inc.",stocks,us,XNYS,CS,True,usd,0001034670,BBG000BVLRY8,BBG001S9YRV6,2025-09-24T06:06:16.196127221Z
ALVO,Alvotech Ordinary Shares,stocks,us,XNAS,CS,True,usd,0001898416,,,2025-09-24T06:06:16.196127301Z
ALVOW,Alvotech Warrant,stocks,us,XNAS,WARRANT,True,usd,0001898416,,,2025-09-24T06:06:16.196127421Z
ALX,Alexander's Inc.,stocks,us,XNYS,CS,True,usd,0000003499,BBG000BBNLK8,BBG001S5NM92,2025-09-24T06:06:16.196127501Z
ALXO,ALX Oncology Holdings Inc. Common Stock,stocks,us,XNAS,CS,True,usd,0001810182,BBG00VR8SDG8,BBG00VR8SF73,2025-09-24T06:06:16.196127611Z
ALZN,"Alzamend Neuro, Inc. Common Stock",stocks,us,XNAS,CS,True,usd,0001677077,BBG00ZMXG7M8,BBG00ZMXG7N7,2025-09-24T06:06:16.196127691Z
AM,Antero Midstream Corporation Common Stock,stocks,us,XNYS,CS,True,usd,0001623925,BBG00GBNZ4M0,BBG00GBNZ4N9,2025-09-24T06:06:16.196127772Z
AMAL,Amalgamated Financial Corp. Common Stock (DE),stocks,us,XNAS,CS,True,usd,0001823608,BBG00XRT7YX6,BBG00XRT7YY5,2025-09-24T06:06:16.196127852Z
AMAT,Applied Materials Inc,stocks,us,XNAS,CS,True,usd,0000006951,BBG000BBPFB9,BBG001S5NMM7,2025-09-24T06:06:16.196127932Z
AMAX,Adaptive Hedged Multi-Asset Income ETF,stocks,us,ARCX,ETF,True,usd,,BBG0133TN2R6,BBG0133TN3L0,2025-09-24T06:06:16.196128022Z
AMBA,"Ambarella, Inc. Ordinary Shares",stocks,us,XNAS,CS,True,usd,0001280263,,,2025-09-24T06:06:16.196128102Z
AMBC,"Ambac Financial Group, Inc.",stocks,us,XNYS,CS,True,usd,0000874501,BBG004HQHKK0,BBG004HQHL91,2025-09-24T06:06:16.196128182Z
AMBI,Ambipar Emergency Response,stocks,us,XASE,CS,True,usd,0001937441,,,2025-09-24T06:06:16.196128263Z
AMBI.WS,"Ambipar Emergency Response Warrants to purchase Class A ordinary shares, each whole warrant exercisable for one Class A ordinary share at an exercise price of $11.50 per share",stocks,us,XASE,WARRANT,True,usd,0001937441,,,2025-09-24T06:06:16.196128343Z
AMBO,Ambow Education Holding Ltd. American Depository Shares (each representing twenty (20) Class A Ordinary Shares),stocks,us,XASE,ADRC,True,usd,0001494558,BBG000BDCP09,BBG001T99B02,2025-09-24T06:06:16.196128433Z
AMBP,Ardagh Metal Packaging S.A.,stocks,us,XNYS,CS,True,usd,0001845097,,,2025-09-24T06:06:16.196128513Z
AMBP.WS,"Ardagh Metal Packaging S.A. Warrants, each exercisable for one Share at an exercise price of $11.50 per share",stocks,us,XNYS,WARRANT,True,usd,0001845097,,,2025-09-24T06:06:16.196128713Z
AMBQ,"Ambiq Micro, Inc.",stocks,us,XNYS,CS,True,usd,0001500412,BBG0026ZDH90,BBG0026ZDHB7,2025-09-24T06:06:16.196128794Z
AMBR,Amber International Holding Limited American Depositary Shares,stocks,us,XNAS,ADRC,True,usd,0001697818,BBG00J0BKBX0,BBG00J0BKBY9,2025-09-24T06:06:16.196128904Z
AMC,"AMC ENTERTAINMENT HOLDINGS, INC.",stocks,us,XNYS,CS,True,usd,0001411579,BBG000TDCVT6,BBG001SZYYL4,2025-09-24T06:06:16.196128984Z
AMCR,Amcor plc Ordinary Shares,stocks,us,XNYS,CS,True,usd,0001748790,,,2025-09-24T06:06:16.196129064Z
AMCX,AMC Networks Inc. Class A,stocks,us,XNAS,CS,True,usd,0001514991,BBG000H01H92,BBG001SLR8S3,2025-09-24T06:06:16.196129154Z
AMD,Advanced Micro Devices,stocks,us,XNAS,CS,True,usd,0000002488,BBG000BBQCY0,BBG001S5NN36,2025-09-24T06:06:16.196129234Z
AMDD,Direxion Daily AMD Bear 1X Shares,stocks,us,XNAS,ETF,True,usd,,BBG01S4RXG10,BBG01S4RXH09,2025-09-24T06:06:16.196129315Z
AMDG,Leverage Shares 2X Long AMD Daily ETF,stocks,us,XNAS,ETF,True,usd,0001976322,BBG01RYZKSJ0,BBG01RYZKTF2,2025-09-24T06:06:16.196129405Z
AMDL,GraniteShares 2x Long AMD Daily ETF,stocks,us,XNAS,ETF,True,usd,0001689873,BBG01LNWKBD5,BBG01LNWKC70,2025-09-24T06:06:16.196129485Z
AMDU,Defiance Leveraged Long + Income AMD ETF,stocks,us,XNAS,ETF,True,usd,,BBG01WTSMFD3,BBG01WTSMG96,2025-09-24T06:06:16.196129565Z
AMDW,Roundhill AMD WeeklyPay ETF,stocks,us,BATS,ETF,True,usd,,BBG01W6VBTJ7,BBG01W6VBVF6,2025-09-24T06:06:16.196129645Z
AMDY,YieldMax AMD Option Income Strategy ETF,stocks,us,ARCX,ETS,True,usd,,BBG01J9TDVT0,BBG01J9TDWP2,2025-09-24T06:06:16.196129725Z
AME,"Ametek, Inc.",stocks,us,XNYS,CS,True,usd,0001037868,BBG000B9XG87,BBG001S5NN54,2025-09-24T06:06:16.196129815Z
AMG,Affiliated Managers Group,stocks,us,XNYS,CS,True,usd,0001004434,BBG000C060M4,BBG001S6DMD6,2025-09-24T06:06:16.196129896Z
AMGN,Amgen Inc,stocks,us,XNAS,CS,True,usd,0000318154,BBG000BBS2Y0,BBG001S5NNL6,2025-09-24T06:06:16.196129986Z
AMH,AMERICAN HOMES 4 RENT,stocks,us,XNYS,CS,True,usd,0001562401,BBG003NXJNH6,BBG003NXJNJ4,2025-09-24T06:06:16.196130206Z
AMHpG,American Homes 4 Rent Series G cumulative redeemable perpetual preferred shares of beneficial interest,stocks,us,XNYS,PFD,True,usd,0001562401,,,2025-09-24T06:06:16.196130296Z
AMHpH,American Homes 4 Rent Series H cumulative redeemable perpetual Preferred Shares of Beneficial Interest,stocks,us,XNYS,PFD,True,usd,0001562401,,,2025-09-24T06:06:16.196130397Z
AMID,Argent Mid Cap ETF,stocks,us,XNAS,ETF,True,usd,,BBG017Z2L8P2,BBG017Z2L9J7,2025-09-24T06:06:16.196130477Z
AMIX,"Autonomix Medical, Inc. Common Stock",stocks,us,XNAS,CS,True,usd,0001617867,BBG00R28GXW5,BBG00R28GXX4,2025-09-24T06:06:16.196130557Z
AMJB,Alerian MLP Index ETNs due January 28 2044,stocks,us,ARCX,ETN,True,usd,0000019617,BBG01L70PXT3,BBG01L70PZ45,2025-09-24T06:06:16.196130637Z
AMKR,Amkor Technology Inc,stocks,us,XNAS,CS,True,usd,0001047127,BBG000BCKGW7,BBG001S64YF8,2025-09-24T06:06:16.196130717Z
AMLP,Alerian MLP ETF,stocks,us,ARCX,ETF,True,usd,0001414040,BBG0015CS200,BBG001TBMNT5,2025-09-24T06:06:16.196130807Z
AMLX,"Amylyx Pharmaceuticals, Inc. Common Stock",stocks,us,XNAS,CS,True,usd,0001658551,BBG00DP10YT5,BBG00DP10YW1,2025-09-24T06:06:16.196130888Z
AMN,AMN Healthcare Services,stocks,us,XNYS,CS,True,usd,0001142750,BBG000BCT197,BBG001S6Q193,2025-09-24T06:06:16.196130968Z
AMOD,"Alpha Modus Holdings, Inc. Class A Common Stock",stocks,us,XNAS,CS,True,usd,0001862463,BBG0123NSVZ3,BBG0123NSWT8,2025-09-24T06:06:16.196131048Z
AMODW,"Alpha Modus Holdings, Inc. Warrant",stocks,us,XNAS,WARRANT,True,usd,0001862463,BBG0123Q9X74,,2025-09-24T06:06:16.196131128Z
AMOM,Qraft AI-Enhanced US Large Cap Momentum ETF,stocks,us,ARCX,ETF,True,usd,0001547950,BBG00P5NRM19,BBG00P5NRMS0,2025-09-24T06:06:16.196131208Z
AMP,"Ameriprise Financial, Inc.",stocks,us,XNYS,CS,True,usd,0000820027,BBG000G3QLY3,BBG001SK6096,2025-09-24T06:06:16.196131308Z
AMPG,AMPLITECH GROUP INC. COM,stocks,us,XNAS,CS,True,usd,0001518461,BBG00394F954,BBG00394F9X3,2025-09-24T06:06:16.196131388Z
AMPGW,"Amplitech Group, Inc. Warrants",stocks,us,XNAS,WARRANT,True,usd,0001518461,BBG00Z9BGRC8,,2025-09-24T06:06:16.196131469Z
AMPH,"Amphastar Pharmaceuticals, Inc.",stocks,us,XNAS,CS,True,usd,0001297184,BBG000BW90S6,BBG001SCM4W2,2025-09-24T06:06:16.196131689Z
AMPL,"Amplitude, Inc. Class A Common Stock",stocks,us,XNAS,CS,True,usd,0001866692,BBG012CDTZY6,BBG012CDTZZ5,2025-09-24T06:06:16.196131769Z
AMPX,"Amprius Technologies, Inc.",stocks,us,XNYS,CS,True,usd,0001899287,BBG019MBDC63,BBG019MBDD16,2025-09-24T06:06:16.196131889Z
AMPX.WS,"Amprius Technologies, Inc. Warrants to purchase one share of Common Stock at an exercise price of $11.50 per share",stocks,us,XNYS,WARRANT,True,usd,0001899287,BBG016X0TFF7,,2025-09-24T06:06:16.196132Z
AMPY,Amplify Energy Corp.,stocks,us,XNYS,CS,True,usd,0001533924,BBG00F0YM0Z8,BBG00F0YM1R5,2025-09-24T06:06:16.19613208Z
AMR,"Alpha Metallurgical Resources, Inc.",stocks,us,XNYS,CS,True,usd,0001704715,BBG00DGWV035,BBG00DGWV044,2025-09-24T06:06:16.19613216Z
AMRC,"Ameresco, Inc.",stocks,us,XNYS,CS,True,usd,0001488139,BBG000BD1QL6,BBG001S6P9W1,2025-09-24T06:06:16.19613227Z
AMRK,"A-Mark Precious Metals, Inc.",stocks,us,XNAS,CS,True,usd,0001591588,BBG005ZVDK48,BBG005ZVDK57,2025-09-24T06:06:16.19613235Z
AMRN,Amarin Corp Plc,stocks,us,XNAS,ADRC,True,usd,0000897448,BBG000BPYG99,BBG001SD42R0,2025-09-24T06:06:16.19613243Z
AMRX,"Amneal Pharmaceuticals, Inc. Class A Common Stock",stocks,us,XNAS,CS,True,usd,0001723128,BBG00462PGG0,BBG00462PGH9,2025-09-24T06:06:16.196132511Z
AMRZ,Amrize Ltd,stocks,us,XNYS,CS,True,usd,0002035989,,,2025-09-24T06:06:16.196132591Z
AMS,American Shared Hospital Services,stocks,us,XASE,CS,True,usd,0000744825,BBG000BBVZ37,BBG001S5NPF8,2025-09-24T06:06:16.196132681Z
AMSC,American Superconductor Corp,stocks,us,XNAS,CS,True,usd,0000880807,BBG000CP3D44,BBG001S70C31,2025-09-24T06:06:16.196132761Z
AMSF,"AMERISAFE, Inc.",stocks,us,XNAS,CS,True,usd,0001018979,BBG000Q0JJQ0,BBG001SDH7B2,2025-09-24T06:06:16.196132841Z
AMST,Amesite Inc.,stocks,us,XNAS,CS,True,usd,0001807166,BBG00KY7FCW4,BBG00KY7FCX3,2025-09-24T06:06:16.196132941Z
AMT,American Tower Corporation,stocks,us,XNYS,CS,True,usd,0001053507,BBG000B9XYV2,BBG001S5NPQ6,2025-09-24T06:06:16.196133042Z
AMTB,Amerant Bancorp Inc.,stocks,us,XNYS,CS,True,usd,0001734342,BBG001KHCXD7,BBG001V0P1S2,2025-09-24T06:06:16.196133232Z
AMTD,"AMTD IDEA Group American Depositary Shares, each representing six (6) Class A Ordinary Shares",stocks,us,XNYS,ADRC,True,usd,0001769731,BBG00PH297Y9,BBG00PH298P7,2025-09-24T06:06:16.196133312Z
AMTM,"Amentum Holdings, Inc.",stocks,us,XNYS,CS,True,usd,0002011286,BBG01NY7B734,BBG01NY7B770,2025-09-24T06:06:16.196133412Z
AMTX,"Aemetis, Inc. (DE) Common Stock",stocks,us,XNAS,CS,True,usd,0000738214,BBG000BWBZY9,BBG001SCST33,2025-09-24T06:06:16.196133533Z
AMUB,"ETRACS Alerian MLP Index ETN Series B due July 18, 2042",stocks,us,ARCX,ETN,True,usd,0001114446,BBG00B59KB85,BBG00B59KB76,2025-09-24T06:06:16.196133613Z
AMUU,Direxion Daily AMD Bull 2X Shares,stocks,us,XNAS,ETF,True,usd,,BBG01S4S1M83,BBG01S4S1N63,2025-09-24T06:06:16.196133703Z
AMWD,American Woodmark Corp,stocks,us,XNAS,CS,True,usd,0000794619,BBG000BBX657,BBG001S5NQ57,2025-09-24T06:06:16.196133793Z
AMWL,American Well Corporation,stocks,us,XNYS,CS,True,usd,0001393584,BBG002R1JYY1,BBG002R1JYZ0,2025-09-24T06:06:16.196133883Z
AMX,America Movil S.A.B de C.V American Depositary Shares (each representing the right to receive twenty (20) Series B Shares),stocks,us,XNYS,ADRC,True,usd,0001129137,BBG01FRH5MK2,BBG01FRH5ND8,2025-09-24T06:06:16.196133963Z
